id,nome,categoria,especialidades,regiao,dados
h1,HOSPITAL ANCHIETA - Taguatinga,Hospital / Geral,EMERGÊNCIA 24H;Clínica Médica;Obstétrica (Parto);Pediátrica,Taguatinga,"St. C Norte QNC AE Área Especial 8, 9, 10 - Taguatinga. Tel: (61) 3049-9001"
h2,HOSPITAL MANTEVIDA (antigo Anna Nery) - Taguatinga,Hospital / Geral,EMERGÊNCIA 24H;Clínica Médica;Ortopédica;Ginecológica;Obstetrícia (Parto);Pediatria,Taguatinga,"QS 5 a 13 - Taguatinga, Brasília - DF. Tel: (61) 3574-9700"
h3,HOSPITAL ANCHIETA – Ceilândia,Hospital / Geral,EMERGÊNCIA 24H;Clínica Médica;Ortopédica,Ceilândia,"Setor N QNN 28 Módulo C, Ceilândia Sul - DF. Tel: (61) 3378-9000"
h4,HOSPITAL DAHER - LAGO SUL,Hospital / Geral,EMERGÊNCIA 24H;Clínica Médica;Ortopedia;Obstetrícia (Parto);Pediátrica,Lago Sul/Norte,"SHIS, QI 7, Conj. F - Lago Sul, Brasília - DF. Tel: (61) 3213-4848"
h5,HOSPITAL SÃO MATHEUS - Cruzeiro,Hospital / Geral,EMERGÊNCIA 24H;Clínica Médica (24 hs);Ortopedia (07:00 às 19:00hs);Pediátrica (BABY PAD);Obstetrícia (Parto),Cruzeiro,"SRES Quadra 02 Area Especial - Cruzeiro Velho, Brasília - DF. Tel: (61) 3362-0045"
h6,HOSPITAL MANTEVIDA (UNIDADE ASA NORTE),Hospital / Geral,EMERGÊNCIA 24H;Clínica Médica;Ortopédica;Pediátrica,Asa Norte,"SGAN 608 MÓDULO F - Asa Norte, Brasília - DF. Tel: (61) 3574-9700"
h7,HOSPITAL HOME - Asa Sul,Hospital / Geral,EMERGÊNCIA 24H;Clínica Médica;Ortopédica,Asa Sul,"SGAS Quadra 613 - Conjunto C - Asa Sul, Brasília - DF. Tel: (61) 3878-2878"
h8,HOSPITAL BRASILIA (UNIDADE LAGO SUL),Hospital / Geral,EMERGÊNCIA 24H;Clínica Médica;Pediátrica;Ginecológica;AVISO: Atendimentos somente até 31/05/2026,Lago Sul/Norte,"St. de Habitações Individuais Sul QI 15 - Lago Sul. Tel: (61) 3704-9000"
o1,VISÃO HOSPITAL DE OLHOS – ISOB (Taguatinga),Oftalmologia,EMERGÊNCIA OFTALMOLÓGICA 24H,Taguatinga,"St. C Norte CNC 03 Lote 12 - Taguatinga. Tel: (61) 3686-7902"
o2,H. OFTALMOLÓGICO DE BRASÍLIA – HOB,Oftalmologia,EMERGÊNCIA OFTALMOLÓGICA 24H,Asa Sul,"SGAS II St. de Grandes Áreas Sul 607 - Asa Sul. Tel: (61) 3686-4586"
o3,HOSPITAL PACINI - Asa Sul,Oftalmologia,EMERGÊNCIA OFTALMOLÓGICA;Horário: 7:30 as 19:30h (Seg a Sáb),Asa Sul,"SEP Sul 715/915, Asa Sul Brasília DF. Tel: (61) 3214 - 4777"
o4,CENTRO BRASILEIRO DA VISÃO - CBV,Oftalmologia,EMERGÊNCIA OFTALMOLÓGICA 24H,Asa Sul,"Quadra 613 Lote 91, Via L2 Sul - Asa Sul. Tel: (61) 3214-5000"
ot1,CEORL – Sta. Lucia,Clínica Clássica / Especialidades,EMERGÊNCIA OTORRINO;Horário: Seg a Sex das 8h às 17h,Asa Sul,"HLS SHLS 716 Bloco F – Asa Sul, Brasília - DF. Tel: (61) 3346 – 4312"
m1,MATERNIDADE BRASILIA,Hospital / Geral,EMERGÊNCIA OBSTETRÍCIA;EMERGÊNCIA GINECOLOGIA (PARTO);PEDIÁTRICA,Sudoeste,"Setor Shc/Sul Qmsw - 04 Lote 01 S/N – Sudoeste. Tel: (61) 4020-0057"
p1,CLINICA AME ASSISTENCIA MENTAL,Psiquiatria,EMERGÊNCIA PSIQUIÁTRICA 'H. DIA';Horário: 08:00 ÀS 17:00h,Asa Sul,"SEPS Q 709/909 Centro Médico Julio Adnet, Clínica 16. Tel: (61) 4042-8445"
p2,VERSE – Sobradinho,Psiquiatria,INTERNAÇÃO PSIQUIÁTRICA;EMERGÊNCIA PSIQUIÁTRICA 24H,Sobradinho,"Nucleo Rural Lago Oeste Sobradinho-DF Rua 5 Ch 5. Tel: (61) 3553-7002"
p3,CLINICA CRESCER HUMANIZADA,Psiquiatria,EMERGÊNCIA PSIQUIÁTRICA;INTERNAÇÃO PSIQUIÁTRICA 24H,Samambaia,"Colônia Agrícola Sucupira - Chácara 35 - Riacho Fundo II. Tel: Horário 24h"
p4,SYNERGIA HUMANA LTDA,Psiquiatria,EMERGÊNCIA PSIQUIÁTRICA;INTERNAÇÃO PSIQUIÁTRICA 24H,Lago Sul/Norte,"Núcleo Rural des C Cerqueira Synergia Humana - Paranoá. Tel: Horário 24h"
p5,RM CLÍNICA DE REABILITAÇÃO LTDA,Psiquiatria,INTERNAÇÃO PSIQUIÁTRICA;EMERGÊNCIA PSIQUIÁTRICA 24H,Sobradinho,"Rodovia DF 440 KM13, Núcleo Rural de Sobradinho. Tel: (61) 3034-3434"
l1,LABORATÓRIO SABIN DE ANÁLISES CLÍNICAS,Laboratório,Análises Clínicas;Diagnósticos Laboratoriais;Citogenética;Biologia Molecular,Asa Norte,"SAAN QUADRA 03 LOTES 165 A 245. Tel: (61) 3329-8172"
l2,EXAME IMAGEM E LABORATÓRIO,Laboratório,Análises Clínicas;Medicina Diagnóstica por Imagem,Asa Sul,"SHLS QUADRA 716, CONJUNTO B, BLOCO 02 – ASA SUL. Tel: (61) 4004-3881"
l3,EXATO LABORATÓRIO DE ANALÍSES CLÍNICAS,Laboratório,Análises Clínicas Gerais,Planaltina,"QD 04 CONJ H LOTE 41 SALA 101 - SRL – PLANALTINA. Tel: (61) 3389-6404"
l4,LAPAC – LABORATÓRIO DE PATOLOGIA E CLÍNICAS,Laboratório,Análises Clínicas;Patologia Clínica,Taguatinga,"Q QSE ÁREA ESPECIAL 01 SALA 30 SETOR E SUL. Tel: (61) 3083-9863"
l5,LASALUS LABORATÓRIO CLÍNICA LTDA,Laboratório,Análises Clínicas,Santa Maria,"CL 102, LOTE F, LOJA 5 – SANTA MARIA. Tel: (61) 3013-3030"
n1,VIVER CENTRO DE DESENVOLVIMENTO,PNE,PNE;ABA;Psicologia;Fonoaudiologia;Psicopedagogia;Terapia Ocupacional;Psicomotricidade,Asa Norte,"CLN 703, BLOCO H, ENTRADA 56 - ASA NORTE. Tel: (61) 3702-6699"
n2,INTEGRAR INSTITUTO DE REABILITAÇÃO COGNITIVA,PNE,PNE;ABA;Terapia de Integração Sensorial;Fonoaudiologia;Terapia Ocupacional;Psicologia,Asa Sul,"SEPS EQ 714/914 BLOCO A EDIFÍCIO PORTO ALEGRE. Tel: (61) 3245-1160"
n3,CIPP DE BRASÍLIA,PNE,PNE;Psicologia;Psicopedagogia,Asa Norte,"SHCG 714/715 ASA NORTE BLOCO E - LOJA 56. Tel: (61) 99168-5622"
n4,CLÍNICA INTERSER - Multidisciplinar,PNE,PNE;ABA;Psicologia;Psicopedagogia;Fonoaudiologia;Fisioterapia;Nutrição,Asa Norte,"SEPN 504, bloco 'C', Ed. Marianna, sobreloja 20. Tel: (61) 3326-1508"
n5,CLÍNICA RECRIAR PSICOPEDAGOGIA,PNE,PNE;ABA;Psicopedagogia,Asa Norte,"SCRN 708/709 Ed. Angélica Loja 10 a 12. Tel: (61) 3543-9385"
n6,INTERAGE – CLÍNICA INTERDISCIPLINAR,PNE,PNE;ABA;Psicoterapia;Psicomotricidade,Asa Norte,"SMNH 10 QUADRA 02 BLOCO A SALA 901. Tel: (61) 3327 0856"
n7,INSTITUTO SIQUEIRA (NEUROSIQ),PNE,PNE;ABA;Avaliação Neuropsicológica;Psicologia;Psicopedagogia,Asa Norte,"SHLN CNJ 1 BL A SLS 513, EDIFÍCIO BIOSPHERE. Tel: (61) 3246-1386"
n8,ESPAÇO LAVORATO PSICOLOGIA,PNE,PNE;ABA;Bobath;PROMPT;PECS;TEACCH;DENVER;SCERTS Model;TheraSuit;Psicomotricidade;Terapia Ocupacional,Asa Norte,"SGAN 915, ED. GOLDEN OFFICE, SALA 2B. Tel: (61) 99662-1567"
n9,FISIOEMOV - REABILITAÇÃO,PNE,PNE;ABA;PECS;Terapia de Integração Sensorial;Fisioterapia do Movimento,Asa Sul,"SGAS 915, LOTE 70A, ED. ADVANCE I, SALA 230. Tel: (61) 3246-4700"
n10,AVANCE AUTISMO (ÚNICA KIDS),PNE,PNE;ABA;PECS;Terapia de Integração Sensorial,Guará,"TR SIA TRECHO 17, VIA IA4, LOTE 495 (GUARÁ). Tel: (61) 98182-4624"
n11,ANIMA KIDS PSICOLOGIA,PNE,PNE;ABA;PECS,Lago Sul/Norte,"SHIN CA 07, Lago Norte, Brasília, DF. Tel: (61) 99979 5208"
n12,CLIAMA – CRIANÇAS ESPECIAIS,PNE,PNE;ABA;Terapia de Integração Sensorial;Atendimento Psicoológico,Lago Sul/Norte,"N.R. Desembargador Colombo Cerqueria – Paranoá. Tel: (61) 3711-6082"
n13,CEPAI – ATENDIMENTO MULTIDISCIPLINAR,PNE,PNE;ABA;Psicologia;Fonoaudiologia;Nutrição;Terapia Ocupacional;Psicopedagogia,Taguatinga,"QUADRA QNG 39 LOTE 11 ANDAR 1 - TAGUATINGA NORTE. Tel: (61) 3355-2398"
n14,CLINICA SUPERAÇÃO LTDA,PNE,PNE;ABA;Bobath;PROMPT;PECS;TEACCH;DENVER;SCERTS Model;Integração Sensorial;TheraSuit,Taguatinga,"QND 06 CASA 23 TAGUATINGA NORTE-DF. Tel: (61) 99998-4086"
n15,MISRAEL PSICOLOGIA LTDA (M.ISRAEL),PNE,PNE;ABA;Psicoterapia Individual;Psicopedagogia;Terapia Ocupacional,Taguatinga,"ALAMEDA SHOPPING - CSB 02 LOTES 01/04 TORRE B. Tel: (61) 3562-6002"
c2,GEROCLÍNICA ASSISTÊNCIA GERIÁTRICA,Home Care,HOME CARE;Assistência Geriátrica Domiciliar,Asa Norte,"ST SEPN, QD 515 BL. E, SALAS 301 a 317. Tel: (61) 3347-0340"
c3,NOVITÀ HOME CARE SERVIÇOS EM SAÚDE,Home Care,HOME CARE;Internação Domiciliar,Asa Norte,"SGON QUADRA 03 CL LOTE 1/10, SALA 268. Tel: (61) 3041-3218"
c4,QUALITY HEALTH CARE LTDA,Home Care,HOME CARE;Assistência Domiciliar,Guará,"SCIA QUADRA 15 COJUNTO 02 LOTE 03 — CIDADE DO AUTOMÓVEL. Tel: (61) 3346 4613"
c5,HOME ASSISTANCE,Home Care,HOME CARE;Assistência Domiciliar,Guará,"TR SIA TRECHO 17 RUA 14 - GUARA. Tel: (61) 3551-8055"
c6,MEDICARE SERVIÇOS DE EMERGÊNCIA,Home Care,HOME CARE;Emergência Móvel,Núcleo Bandeirante,"QUADRA 02, CONJUNTO C, LOTE 06, PARTE A. Tel: (61) 3772-9750"
c7,REHABILITA - ATENDIMENTO DOMICILIAR,Home Care,HOME CARE;Atendimento Domiciliar Especializado,Taguatinga,"ST. C NORTE LOTE 01 A 12 PRIME TORRE B. Tel: (61) 3554-8978"
ac3,CLINICA GALENO SERVIÇOS MÉDICOS,Clínica Clássica / Especialidades,Endocrinologia;Neurologia;Angiologia;Cardiologia;Clinica Medica;Dermatologia;Ginecologia;Cirurgião Geral;Oftalmologia;Urologia;Pneumologista,Taguatinga,"ST C SUL QSC 3 LOTE 02 TAGUATINGA. Tel: (61) 35438887"
ac4,GASTROCLASS – ENDOSCOPIA DIGESTIVA,Clínica Clássica / Especialidades,Coloproctologia;Endoscopia;Gastrenterologia;Gastropediatria;Neurologia,Taguatinga,"QNC ÁREA ESPECIAL 08/09/10 SALAS 802 A 815. Tel: (61) 3964-2755"
ac5,F.LORENZO POLICLÍNICA DE FISIOTERAPIA,Clínica Clássica / Especialidades,Fisioterapia;Pilates;Acupuntura;Reabilitação Labiríntica;RPG,Taguatinga,"QSE 11 LOTE 01 LOJA 01. Tel: (61) 3043-8680"
ac6,HIDROFÍSIO CLÍNICA DE FISIOTERAPIA,Clínica Clássica / Especialidades,Fisioterapia;Acupuntura;RPG;Hidroterapia,Taguatinga,"QNA 02 Lote 17 – Taguatinga Norte – DF. Tel: (61) 3563-4653"
ac7,INSTITUTO DE RADIOTERAPIA DE TAGUATINGA,Clínica Clássica / Especialidades,Consulta Radioterapeuta;Radioterapia Oncológica,Taguatinga,"ST. C NORTE QNC AE CONDOMÍNIO DA QSB 02. Tel: (61) 3353-9269"
ac8,UNINEURO - UNIDADE DE NEUROLOGIA,Clínica Clássica / Especialidades,Neurologia;Neurocirurgia;Neuropediatria;Fisiatria;Exames Neurológicos,Taguatinga,"QNC Area Especial 08/10, Centro Anchieta, Sala 612. Tel: (61) 3562-3568"
as2,AFYA HOSPITAL DIA,Clínica Clássica / Especialidades,Cirurgia Endovascular;Ortopedia e Traumatologia;Ultrassonografia,Asa Sul,"SGAS I Edifício Office Center Bloco B, salas 4 a 9. Tel: (61) 99514-8879"
as3,ANGIOBRASILIA LTDA,Clínica Clássica / Especialidades,Angiologia;Cirurgia Vascular e Endovascular;Cirurgia Cabeça e Pescoço;Anestesiologia;Dermatologia;Cardiologia;Fisioterapia Respiratória;Ultrassonografia,Asa Sul,"SGAS 915 – CENTRO CLINICO ADVANCE, Sala 231. Tel: (61) 99209-4666"
as4,BIOCARDIOS INSTITUTO DE CARDIOLOGIA,Clínica Clássica / Especialidades,Cardiologia;Cirurgia Cardiovascular;Clínica Médica;Pneumologia;Angiologia;Gastroenterologia;Nutricionista,Asa Sul,"SESP 709/900 BLOCO F ED BIOCENTER. Tel: (61) 3442-6300"
as5,BRASILIA MEDICINA HIPERBARICA,Clínica Clássica / Especialidades,Oxigenoterapia Hiperbárica,Asa Sul,"SGAS 613 CONJ E BLOCO A 1° SUBSOLO. Tel: (61) 3346-6005"
as6,CLINICA DE ALERGIA SAO JOAQUIM LTDA,Clínica Clássica / Especialidades,Psicologia;Alergia/Imunologia;Nutrição;Cirurgia Geral;Gastroenterologia;Proctologia;Clinica Medica;Ortopedia;Psiquiatria;Endocrinologia,Asa Sul,"SCS Quadra 1, Edifício Ceará, Salas 301. Tel: (61) 3224-7363"
as7,CARDIOADVANCE CONSULTÓRIOS MÉDICOS,Clínica Clássica / Especialidades,Cardiologia;Angiologia;Clínica Médica;Diagnóstico por Imagem;Endocrinologia;Neurologia;Pneumologia;Psicologia,Asa Sul,"SGAS QD 915 CONJ. N, EDF. ADVANCE 1, Salas 128/130. Tel: (61) 3345-7846"
as8,CENTRO SUL DE IMAGEM E MEDICINA FETAL,Clínica Clássica / Especialidades,Densitometria Óssea;Mamografia Digital Bilateral;Ultrassonografia;Ressonância Magnética,Asa Sul,"SHLS 716 Conj. L, Bl I salas L 305, Ed. Centro Clínico Sul. Tel: (61) 3346-1010"
as9,CLÍNICA DE MAMA DIAGNÓSTICO POR IMAGEM,Clínica Clássica / Especialidades,Marcação pré-cirúrgica por US;Punção de Tireoide;Ressonância Magnética;Tomografia Computadorizada;Ultrassonografias,Asa Sul,"SHLS 716 CENTRO CLÍNICO SUL, Salas W 424/W426. Tel: (61) 3213-6625"
as10,CLÍNICA UROMASTER S/S LTDA,Clínica Clássica / Especialidades,Urologia;Bioimpedanciometria;Cauterização Química,Asa Sul,"SEP/ SUL EQ 710/910 CONJUNTO D SALAS 325 ED VIA BRASIL. Tel: (61) 3442-8431"
as11,CLÍNICA RADIOLÓGICA VILA RICA LTDA,Clínica Clássica / Especialidades,Diagnóstico por Imagem;Radiologia;Raio-X;Mamografia;Tomografia;Ressonância Magnética,Asa Sul,"SHLS QD 716 CJ 'L' - BL 02 – CENTRO CLINICO SUL. Tel: (61) 3442-6300"
as12,CLÍNICA DO SONO OTOFACE DE BRASILÍA,Clínica Clássica / Especialidades,Medicina Do Sono;Otorrinolaringologia (Adulto e Ped);Fonoaudiologia,Asa Sul,"SHLS 716 BLOCO F SALAS 205 A 209. Tel: (61) 3346-9683"
as13,CLÍNICA ANAHATA SAÚDE INTEGRADA,Clínica Clássica / Especialidades,Psicoterapia;Avaliação Psicológica para Cirurgias;Neuropsicologia;Sexologia;Psicopedagogia,Asa Sul,"SHCS CR, QD 510, BLOCO C, ED. LUCIANA. Tel: (61) 3346-5469"
as14,IACV – INSTITUTO DE ANGIOLOGIA,Clínica Clássica / Especialidades,Angiologia e Cirurgia Vascular;Curativos;Desbridamento;Doppler Colorido Arterial;Doppler de Aorta,Asa Sul,"SGAS 6114 s/nº, Conjunto C, Salas 9, 11 e 13, Edifício Vitrium. Tel: (61) 3247 0660"
as15,NÚCLEOS – MEDICINA NUCLEAR DE BRASÍLIA,Clínica Clássica / Especialidades,Medicina Nuclear (Todos os procedimentos);Tomografia;Ultrassonografia;Densitometria,Asa Sul,"SHLS 716, bloco D consutório 05 Centro médico Brasília. Tel: (61) 3031-7200"
as16,ONCO VIDA INSTITUTO DE ONCOLOGIA,Clínica Clássica / Especialidades,Oncologia;Hematologia Clínica,Asa Sul,"SGAS 915 CONJ B BLOCO A SALA 03,04,08. Tel: (61) 3326-2000"
as17,PULMOCLINAR - REABILITAÇÃO PULMONAR,Clínica Clássica / Especialidades,Pneumologia;Polissonografia Noite Inteira;Prova de Função Pulmonar (Espirometria);Oximetria,Asa Sul,"SHIGS 714/914, E TALENTO, SALA 29. Tel: (61) 3346-6616"
as18,UNIPROCTO E GASTRO CLÍNICA,Clínica Clássica / Especialidades,Gastroenterologia;Colonoscopia;Nutrição;Fisioterapia do Assoalho Pélvico,Asa Sul,"SGAS 616 CONJUNTO A BLOCO C LOJA 01, LINNEA VITTA. Tel: (61) 3361-2100"
as19,UROGIN – CLÍNICA DE REABILITAÇÃO,Clínica Clássica / Especialidades,Fisioterapia Pélvica;Fisioterapia Obstétrica;Fisioterapia Urológica;Sexologia,Asa Sul,"SESP 715/915 EDFICIO PACINI BLOCO D SLS 403. Tel: (61) 3345-0167"
as20,SB FISIO – REABILITAÇÃO SARAH BRANDÃO,Clínica Clássica / Especialidades,Fisioterapia Motora;Fisioterapia Pélvica;Acupuntura;RPG,Asa Sul,"SGAS 608, CONJUNTO G, PARTE BLOCO C (ACM / YMCA). Tel: (61) 3443-0565"
so1,CENTRO MÉDICO MATSUMOTO LTDA,Clínica Clássica / Especialidades,Anestesiologia;Angiologia;Cardiologia;Cirurgia Geral/Plástica;Clínica Médica;Dermatologia;Gastroenterologia;Ginecologia;Mastologia;Neurocirurgia;Nutrição;Oftalmologia;Oncologia;Ortopedia;Otorrino;Pediatria;Proctologia;Psicologia;Urologia;Imagem,Sobradinho,"QD 05 CL 01 – SOBRADINHO – DF. Tel: (61) 3487-1029"
so2,CENTRO CLÍNICO MATERNO INFANTIL SOBRADINHO,Clínica Clássica / Especialidades,Medicina Integrativa;Cirurgia-Geral;Gastroenterologia;Clínica Médica;Psicologia;Oftalmologia;Urologia;Ortopedia;Angiologia;Nutrição;Endocrinologia;Dermatologia;Cardiologia;Otorrino;Ginecologia;Pneumologia,Sobradinho,"Quadra 01 Area especial 1 - Sobradinho. Tel: 0800 591 6529"
se1,IOSS INSTITUTO DE OLHOS DE SÃO SEBASTIÃO,Clínica Clássica / Especialidades,Dermatologia;Cardiologia;Neurologia;Clínica Médica;Ortopedia;Oftalmologia;Pediatria;Psiquiatria;Urologia;Ginecologia;Mastologia;Pré Natal;Fonoaudiólogo;Psicologia;Nutricionista;Imagem,São Sebastião,"Quadra 101, conj. 01, Lote 11/12 – St Res. Oeste. Tel: (61) 3335-6884"
sm1,NEUROSENSE - CLINICA DE NEUROPSICOLOGIA,Clínica Clássica / Especialidades,Consulta Psicologia;Avaliação Neuropsicológica (Adulto/Infantil);Psicodiagnóstica;Psicomotricidade;Psicopedagogia;Psicoterapia Casal/Familiar,Setor Militar Urbano,"SMU, QRSN CJ 06, BRASILIA DF. Tel: (61) 99972-1657"
v1,FISIOVIDA CLÍNICA DE FISIOTERAPIA,Valparaíso,Fisioterapia em Acupuntura;Fisioterapia Cardiovascular;Neurofuncional;Respiratória;Traumato-Ortopédica;RPG,Valparaíso,"Rua 06 S/Nº Quadra 06 Lote Y Loja 02 - Parque São Bernardo. Tel: (61) 3629-7239"
3d1,3 DIMENSAO DIAGNOSTICO POR IMAGEM,Clínica Clássica / Especialidades,Radiologia Odontológica;Tomografia Computadorizada Odontológica,Asa Norte,"Setor Sc/Norte Quadra 02, Bloco D, Entrada A, Edif Liberty Mall. Tel: (61) 3030-5400"
an2,ALEXANDRE TAVARES DE FARIAS FILHO,Clínica Clássica / Especialidades,Fisioterapia Domiciliar,Asa Norte,"SQN 212 BLOCO A APTO 311, Asa Norte - Brasília - DF. Tel: (61) 98159-0201"
an3,ALIANÇA INSTITUTO DE ONCOLOGIA S.A,Clínica Clássica / Especialidades,Oncologia;Hematologia,Asa Norte,"Asa Norte (Filiais na Asa Sul, Gama, Hospital Anchieta, Águas Claras). Tel: (61) 3326-200"
an4,INSTITUTO BRASILIENSE DE OTORRINOLARINGOLOGIA – IBO,Clínica Clássica / Especialidades,Otorrinolaringologia;Fonoaudiologia;Crânio-Maxilo-Facial;Radiologia por Imagem;Pneumologia;Psicologia;Fisioterapia,Asa Norte,"ST SMHN QUADRA 02 BLOCO C, EDIFÍCIO DR. CRISPIM. Tel: (61) 3328-6009"
an5,BS CLINICA DE REABILITAÇÃO E SAÚDE LTDA,Clínica Clássica / Especialidades,Fisioterapia;Baropodometria;Espirometria;Fisioterapia Urogenital;Reabilitação Perineal com Biofeedback,Asa Norte,"SHCN CL QUADRA 205 BLOCO D, LOJA 23. Tel: (61) 99999-6278"
an6,CLÍNICA DE PSICOLOGIA LÚCIA DOS ANJOS SANTOS LTDA,Clínica Clássica / Especialidades,Psicoterapia Individual,Asa Norte,"SEPN QD 504 BL C 31 SL 109 – ASA NORTE."
an7,CLINICA ESPAÇO SAÚDE LTDA,Clínica Clássica / Especialidades,Psicologia Clínica Infantil ao Adulto;Psicopedagogia;Neuropsicologia;Fonoaudiologia Clínica (Audiologia; Reabilitação Vestibular);Nutrição Clínica,Asa Norte,"SHCN/CL QUADRA 306 BLOCO D 80 SALA 114. Tel: (61) 3554-0264"
an8,CONFIARE INSTITUTO CLINICO LTDA,Clínica Clássica / Urbanas,Consulta Psiquiatra;Consulta Psicologo;Psicoterapia (Individual; Infantil; Casal; Grupo),Asa Norte,"SEPN 513 CONJUNTO A S/N, SALA 02 E 104. Tel: (61) 3033-4020"
an9,ESPAÇO MENTAL ACONCHEGO,Clínica Clássica / Especialidades,Consulta Nutricionista;Consulta Psicólogo;Consulta Fonoaudiólogo;Consulta Clínico Médico;Consulta Cardiologista;Terapia Ocupacional;Impedanciometria,Asa Norte,"SHC 2/8 LOTE 05 TORRE A SALA 120. Tel: (61) 99385-8971"
an10,CARDIONORTE - CARDIOLOGISTAS ASSOCIADOS,Clínica Clássica / Especialidades,Cardiologia (Consulta Ambulatorial e Procedimentos),Asa Norte,"STN, Lote M, Entrada B, Salas 109 a 122, Edifício Vital Brazil. Tel: (61) 3340-2244"
an11,CLÍNICA DE GINECOLOGIA E DIAGNÓSTICO POR IMAGEM,Clínica Clássica / Especialidades,Gineco e Obstetrícia;Diagnóstico por Imagem (RX; US; Doppler; Ressonância Magnética),Asa Norte,"STN Bloco N, Salas 305 a 307, Edifício Jaime Leal. Tel: (61) 3349-0059"
an12,CLÍNICA DE PSICOLOGIA ACOLHER LTDA,Clínica Clássica / Especialidades,Psicologia;Psicopedagogia,Asa Norte,"QUADRA SHCN CL 207 BLOCO B LOTE 48 SALAS 202. Tel: (61) 3039-1082"
an13,CEAM – CENTRO DE ATENDIMENTO MULTIDISCIPLINAR,Clínica Clássica / Especialidades,Psicologia;Fonoaudiologia,Asa Norte,"Edifício de Clínicas - SMHN Quadra 2 Bloco A Sala 704. Tel: (61) 3328-4943"
an14,CLÍNICA DR EVERALDO MAIA LTDA,Clínica Clássica / Especialidades,Acupuntura;Clínica Geral;Dermatologia;Nutrição;Ginecologia (DIU; Colposcopia);Urologia (Fluxometria; Vasectomia Unilateral; Postectomia),Asa Norte,"SCRN 708/709 BLOCO D LOJA 09 E 12. Tel: (61) 3328-9801"
an15,CORPO E MENTE PILATES FISIOTERAPIA,Clínica Clássica / Especialidades,Ortopedia;Pilates;Fisioterapia;Acupuntura;Endocrinologia;Nutrição;Psicologia,Asa Norte,"SHCGN QD 708/709 BLOCO F Loja 19. Tel: (61) 3340-8861"
an16,CLÍNICA BORBOLETÁRIO DE PSICOLOGIA LTDA,Clínica Clássica / Especialidades,Psicologia;Psicopedagogia,Asa Norte,"SCN Quadra 01, Bloco E, Nº 50, Salas 605/606, Ed Central Park. Tel: (61) 3033-4762"
an17,CENTRO DE IMAGEM RADIOGRÁFICAS LTDA,Clínica Clássica / Especialidades,Radiologia e Diagnóstico por Imagem Oral,Asa Norte,"SMHN QD. 02 BLOCO 'C' Nº 44, SALAS 1405 E 1406, ED. DR. CRISPIM. Tel: (61) 3030-5400"
an18,CLÍNICA DE RADIOLOGIA ODONTOLÓGICA FENELON LTDA,Clínica Clássica / Especialidades,Radiologia e Diagnóstico por Imagem Oral,Asa Norte,"SRTVN Qd. 701 Conj. C nº 124, Centro Empresarial Norte. Tel: (61) 3030-5400"
an19,CLÍNICA DE OTORRINOLARINGOLOGIA DA ASA NORTE,Clínica Clássica / Especialidades,Otorrinolaringologia;Fonoaudiologia,Asa Norte,"SHLN BLOCO K, ED. CENTRO CLÍNICO NORTE I. Tel: (61) 3033-6882"
an20,CLÍNICA DE FISIOTERAPIA REABILITAÇÃO TOTAL LTDA,Clínica Clássica / Especialidades,Fisioterapia;Acupuntura;Quiropraxia;Hidroterapia;RPG,Asa Norte,"SCLRN 716 BL B LOJA 07. Tel: (61) 3349-7178"
an21,CLINICA RBM ATIVIDADES MULTIDISCIPLINARES,Clínica Clássica / Especialidades,Fonoaudiologia;Psicologia;Psiquiatria,Asa Norte,"STN CONJ M BLOCO B SALAS 135/139/140 - ED VITAL BRAZIL. Tel: (61) 3201.6234"
an22,CETTRO – CENTRO DE TRATAMENTO ONCOLÓGICO,Clínica Clássica / Especialidades,Cirurgião Geral;Dermatologista;Oncologista;Hematologista;Mastologista;Médico Geneticista,Asa Norte,"SMHN QUADRA 2 BLOCO A N° 10 ED DE CLÍNICAS. Tel: (61) 3773-3049"
an23,CLÍNICA INSIGHT – IOLANDA BARROS VALLS,Clínica Clássica / Especialidades,Nutrólogo;Psicologia;Fonoaudiologia;Psicopedagogia;Terapia Ocupacional,Asa Norte,"STN BLOCO N EDIFICIO JAIME LEAL 2° ANDAR. Tel: (61) 3327-8862"
an24,CLÍNICA DE PSICOLOGIA VILMA YAEKO YOSHINARI LTDA,Clínica Clássica / Especialidades,Psicologia Clínica,Asa Norte,"SCN QUADRA 05 BLOCO A NUMERO 50 SALA 132. Tel: (61) 3328-6438"
an25,DIGIDOC RADIOLOGIA ODONTOLÓGICA FENELON,Clínica Clássica / Especialidades,Radiologia e Diagnóstico por Imagem Oral,Asa Norte,"SMHN QD. 02 BLOCO 'C' Nº 44, ED. DR. CRISPIM. Tel: (61) 3030-5400"
an26,EXPRESSÃO - M&D FONOAUDIOLOGIA CLINICA LTDA,Clínica Clássica / Especialidades,Fonoaudiologia Adulto/Infantil;Psicologia;Psicoterapia;Reabilitação Infantil,Asa Norte,"SMHN QUADRA 02 BL. A – SALA 805, ED. DE CLÍNICAS. Tel: (61) 3242-9684"
an27,FEME - FAMILIA EXAMES MÉDICOS,Clínica Clássica / Especialidades,Angiologia;Cardiologia;Cirurgia Vascular/Geral/Plástica;Clínica Médica;Dermatologia;Endocrinologia;Gastroenterologia;Geriatria;Gineco e Obstetrícia;Hematologia;Mastologia;Neuropediatria;Ortopedia;Pediatria;Pneumologia;Psiquiatria;Reumatologia;Urologia,Asa Norte,"SCN QUADRA 01 BLOCO F N° 79, ED. AMERICA OFFICE TOWER. Tel: (61) 3202-8818"
an28,FISIO-COR – CLÍNICA DE FISIOTERAPIA LTDA,Clínica Clássica / Especialidades,Fisioterapia Cardíaca;Reabilitação Respiratória;Fisioterapia Ortopédica;Uroginecológica,Asa Norte,"SMHN Quadra 02, Bloco C, 44, Edifício Dr. Crispim. Tel: (61) 3327-3157"
an29,FISIOCLIN - CLÍNICA DE FISIOTERAPIA S/S,Clínica Clássica / Especialidades,Fisioterapia;Acupuntura;RPG;Reabilitação Vestibular;Osteopata;Quiropraxia,Asa Norte,"SHLN BLOCO F SALA 209. Tel: (61) 3273-7338"
an30,FISIO NORTE - CLÍNICA DE FISIOTERAPIA,Clínica Clássica / Especialidades,RPG;Acupuntura;Fisioterapia Ortopédica,Asa Norte,"SRTVN QUADRA 701 CONJUNTO C SALA 129 BLOCO B. Tel: (61) 99118-7693"
an31,GINECUS - CLINICA GINECOLOGIA E IMAGEM,Clínica Clássica / Especialidades,Ginecologia;Obstetrícia;Mastologia;Ultrassonografia;Ecocardiograma Fetal;Mamografia Digital;Densitometria Óssea,Asa Norte,"STN BLOCO N, ED. JAIME LEAL. Tel: (61) 3349-0059"
an32,GALERIA FISIOTERAPEUTA LTDA,Clínica Clássica / Especialidades,RPG;Acupuntura;Fisioterapia Hospitalar/Pélvica,Asa Norte,"CLN 316 BL A LOJAS 23/25/53/57 – SUBSOLO. Tel: (61) 3965-5552"
an33,SABIN IMAGENS S/A - VEGA,Clínica Clássica / Especialidades,Diagnóstico por Imagem Geral,Asa Norte,"SCN QD 01 BL. D TORRE A LOJA 23T A 36T. Tel: (61) 3329-8172"
an34,UROS SERVIÇOS MÉDICOS E DIAGNÓISTICOS SS,Clínica Clássica / Especialidades,Urologia;Andrologia;Ultrassonografia,Asa Norte,"SHLN CONJ I BLOCO A SALA 303-305, ED BIOPHERE. Tel: (61) 3349-0065"
an35,ROBRÁS RADIOLOGIA ODONTOLÓGICA DE BRASÍLIA,Clínica Clássica / Especialidades,Radiologia e Diagnóstico por Imagem Oral,Asa Norte,"SDN Conjunto A salas 6007/6009 Torre Verde. Tel: (61) 3030-5400"
an36,VIVA MULTICLÍNICA E TREINAMENTOS LTDA,Clínica Clássica / Especialidades,Psicoterapia Familiar/Individual/Casal,Asa Norte,"SHN QUADRA 1 CONJUNTO A BLOCO D EDIFICIO FUSION. Tel: (61) 3526-1192"
as21,CLÍNICA DE OLHOS DR PAULO JANOT LTDA,Clínica Clássica / Especialidades,Oftalmologia Geral;Catarata;Glaucoma;Cirurgia Refrativa;Transplante de Córnea;Oftalmopediatria;Oftalmoplástica;Retina e Vítreo,Asa Sul,"SEPS 914/714 Ed. Centro Executivo Sabin. Tel: (61) 99240-4104"
as22,CLÍNICA MÉDICA CIRÚRGICA OTORRINODF,Clínica Clássica / Especialidades,Otorrinolaringologia;Clínica Médica,Asa Sul,"709/909 Centro Médico Julio Adnet - SEPS SEP Sul. Tel: (61) 3542-2803"
as23,CLINIGASTRO – UNIDADE DE ENDOSCOPIA,Clínica Clássica / Especialidades,Gastroenterologia;Proctologia,Asa Sul,"SEPS 710/910 ED. CENTRO CLÍNICO VIA BRASIL. Tel: (61) 3443-9404"
as24,CRB - CENTRO RADIOLOGICO DE BRASÍLIA,Clínica Clássica / Especialidades,Diagnóstico por Imagem;Radiologia,Asa Sul,"SHL 716 CONJUNTO B BLOCO 1. Tel: (61) 3445-000"
as25,CBV - CENTRO BRASILEIRO DA VISÃO (Eletivo),Oftalmologia,Oftalmologia Geral,Asa Sul,"SGAS 613 CJ A BLOCO B CONS. 101/108. Tel: (61) 3214-5000"
as26,CLÍNICA RESSONANCE LTDA,Clínica Clássica / Especialidades,Diagnóstico Por Imagem,Asa Sul,"SEPS 709/909 BL A LJ 06 TÉRREO CENTRO MÉDICO JÚLIO ADNET. Tel: (61) 3771-4000"
as27,DIGIMED DIAGNOSTICOS POR IMAGENS LTDA,Clínica Clássica / Especialidades,Radiologia;Medicina Diagnóstica,Asa Sul,"Quadra Sgas 915, S/N Conj O Primeiro Subsolo. Tel: (61) 2451-622"
as28,ESPAÇO SER - CLÍNICA DE PSICOLOGIA LTDA,Clínica Clássica / Especialidades,Psicologia;Psicopedagogia,Asa Sul,"SEPS 712/912 – CONJ. 'B' – BLOCO 01 – SALA 309. Tel: (61) 3346-3470"
as29,FISIOCENTRO – CENTRO DE FISIOTERAPIA S/S,Clínica Clássica / Especialidades,Fisioterapia Hospitalar e Ambulatorial,Asa Sul,"SHLS QD 716 CONJ F LOTE 10 SALA 307. Tel: (61) 3346-3723"
as30,HODF - HOSPITAL DE OLHOS DO DISTRITO FEDERAL,Oftalmologia,Oftalmologia Geral;Catarata;Glaucoma;Cirurgia Refrativa;Transplante;Oftalmopediatria;Retina,Asa Sul,"QSGAS 616 CONJ A BLOCO A SALA T-01. Tel: (61) 3771-2020"
as31,HOSPITAL PACINI LTDA (Eletivo),Oftalmologia,Oftalmologia;Dermatologia,Asa Sul,"SESP - Q 715/915 CONJ A BL A, TERREO. Tel: (61) 3214-4777"
as32,HOB - HOSPITAL OFTALMOLOGICO DE BRASIL,Oftalmologia,Oftalmologia Geral,Asa Sul,"SETOR SGAS 607 CJ G AV L2 SUL, SN. Tel: (61) 3442-4000"
as33,HOSPITAL DOS OLHOS DO LAGO,Oftalmologia,Oftalmologia Geral;Oftalmopediatria,Asa Sul,"SHLS 716 Bloco F Sala 201 Centro Clínico Oswaldo Cruz. Tel: (61) 3142-4848"
as34,INSTITUTO BRASILIENSE DE ECOGRAFIA LTDA,Clínica Clássica / Especialidades,Ecografia;Mamografia;Densitometria;Raios-X,Asa Sul,"SHLS QD 716 CONJUUNTO B BLOCO E SALAS 504. Tel: (61) 3346-5413"
as35,INTERBRASÍLIA MEDICINA E SAÚDE DO CORAÇÃO,Clínica Clássica / Especialidades,Cardiologia;Cardiologia Intervencionista;Hemodinâmica,Asa Sul,"SCS QUADRA 01 BLOCO C, EDF ANTÔNIO VENÂNCIO. Tel: (61) 3321-9560"
as100,INBOL – INSTITUTO DE SAUDE DE OLHOS,Oftalmologia,Oftalmologia Geral,Asa Sul,"SEPS 714/914 CONJ E 3° ANDAR ED TALENTO. Tel: (61) 3038-8001"
as36,INSTITUTO DE CATARATA DE BRASÍLIA – ICB,Oftalmologia,Consultas;Exames;Cirurgias Oculares;Catarata,Asa Sul,"SGAS 614 CONJUNTO C 1° SUBSOLO, ED VITRIUM. Tel: (61) 3047-8100"
as37,INSTITUTO DE NEUROLOGIA DE BRASÍLIA LTDA,Clínica Clássica / Especialidades,Neurologia;Neurocirurgia;Eletroencefalografia,Asa Sul,"SEPS 710/910 – Centro Clínica Via Brasil, Loja 19-A. Tel: (61) 3245-1595"
as38,LAB – LABORATÓRIO DE PATOLOGIA,Laboratório,Anatomia Patológica;Citopatologia;Biologia Molecular;Imunohistoquímica,Asa Sul,"SHLS 716 – CENTRO MÉDICO DE BRASÍLIA, BLOCO E. Tel: (61) 3245-3766"
as39,MIX IMAGENS DIAGNOSTICO POR IMAGEM,Clínica Clássica / Especialidades,Ultrassonografia;Densitometria Óssea/Corpo Inteiro (DEXA),Asa Sul,"SHLS QD 716, CONJ A BLOCO B, EDIFICIO OHB. Tel: (61) 3536-0611"
as40,MEDCOR CARDIOLOGISTA ASSOCIADOS DA ASA SUL,Clínica Clássica / Especialidades,Cardiologia;Risco Cirúrgico;Cardioterapia;Neurologia;Psiquiatria;Ginecologia;Endocrinologia;Nutrição,Asa Sul,"ST SHC/SW CLSW 105 BLOCO A SALA 37 Á 42. Tel: (61) 3344-9273"
as41,NEUROMED NEUROLOGIA NEUROCIRURGIA,Clínica Clássica / Especialidades,Neurologia;Neurocirurgia (Ambulatório e Emergência),Asa Sul,"SHLS QD 716 CONJUNTO L TORRE II SALA 109/111. Tel: (61) 3345.8492"
as42,NUCLEO DE ESTUDO EM CIÊNCIA DA SAÚDE,Clínica Clássica / Especialidades,Fonoaudiologia;Exames Audiológicos;Terapia Fonoaudiológica,Asa Sul,"SRTVS QD 701 CONJ. D BLOCO A, SALA 810. Tel: (61) 3225-1027"
as43,NÚCLEO DE DIAGNOSTICO OCULAR DE BRASILIA,Oftalmologia,Oftalmologia Geral;Microcirurgia Ocular,Asa Sul,"SEPS 714/914, ED CNTRO EXECULTIVO SABIN. Tel: (61) 2191-9122"
as44,OFTALMOCENTER OFTALMOLOGIA SÃO BRAZ,Oftalmologia,Oftalmologia Geral,Asa Sul,"SEPS 710/910, Edifícil Via Brasil loja 45. Tel: (61) 3242-7979"
as45,OTOPLUS OTORRINOLARINGOLOGIA LTDA,Clínica Clássica / Especialidades,Otorrinolaringologia;Endocrinologia;Cirurgia Cabeça e Pescoço;Fonoaudiologia,Asa Sul,"SEPS 710-910 – Centro Clínico Via Brasil, Loja 22. Tel: (61) 3246-6071"
as46,PSICOCLINICA CLINICA DE PSICOLOGIA,Clínica Clássica / Especialidades,Psicologia (Sessão/Domiciliar);Neuropsicodiagnóstica;Psicopedagogia;Psicoterapia Familiar/Casal,Asa Sul,"SRTVS QUADRA 701, BL. E EDIFÍCIO PALÁCIO DO RÁDIO II. Tel: (61) 3225-6571"
as47,PERFECTA DIAGNÓSTICO POR IMAGEM LTDA,Clínica Clássica / Especialidades,Radiologia;Diagnóstico por Imagem,Asa Sul,"SGAS 611, Centro Médico Lucio Costa, Bloco 1. Tel: (61) 3245-5872"
as48,QUALIFISIO FISIOTERAPIA E REABILITAÇÃO,Clínica Clássica / Especialidades,Fisioterapia;Reabilitação Perineal com Biofeedback,Asa Sul,"SGAS 915 CONJUNTO N SALA 241. Tel: (61) 3345.2011"
as49,RINOVARE SERVIÇOS MÉDICOS LTDA,Clínica Clássica / Especialidades,Hiperbarista;Oxigenoterapia;Ortopedista;Cirurgião Plástico,Asa Sul,"SHLS 716 CONJUNTO A BLOCO TÉRREO, EDIFICIO OHB. Tel: (61) 3686-1020"
as50,RÁDIO – RADIODIAGNÓSTICO EM ODONTOLOGIA,Clínica Clássica / Especialidades,Radiologia e Diagnóstico por Imagem Oral,Asa Sul,"SHLS QD 716 CONJ L TORRE II SALAS 321/323. Tel: (61) 3963-9898"
as51,RENOVARE UROLOGIA,Clínica Clássica / Especialidades,Urologia Clínica e Cirúrgica,Asa Sul,"SEPS 709/909. EDIFICIO CENTRO MÉDICO JULIO ADNET. Tel: (61) 3297-7561"
as52,UCI - UNIDADE DE CARDIOLOGIA INTEGRADA,Clínica Clássica / Especialidades,Cardiologia Adulto e Pediátrico,Asa Sul,"SGAS 915 SUL LOTES 69 A 70 SLAS 332, ED ADV 1. Tel: (61) 3044-7757"
as53,URODIAGNOSTICO CENTRO DE DIAGNOSTICO,Clínica Clássica / Especialidades,Urologia;Cardiologia;Ultrassonografia,Asa Sul,"SGAS 915 CONJUNTO O S/N PAVMTO SEGUNDO. Tel: (61) 3346-4544"
as54,FISIO-COR – CLÍNICA DE FISIOTERAPIA LTDA,Clínica Clássica / Especialidades,Fisioterapia Cardíaca;Reabilitação Respiratória;Ortopédica;Uroginecológica,Asa Sul,"SGAS, Quadra 915, Conj. N, Sala nr 21, Edifício Advance I. Tel: (61) 3346-4479"
as55,DAVITA – RENAL CARE PLANALTO,Clínica Clássica / Especialidades,Nefrologia;Nefrologia Pediátrica,Asa Sul,"SGAS 915 ED ADVANCE SALAS 122 A 130. Tel: (61) 3242-7034"
t3,CENTRO ORTOPÉDICO DE TAGUATINGA – COT,Clínica Clássica / Especialidades,Ortopedia;Traumatologia;Fisioterapia,Taguatinga,"QNC 15, Lote 05, Unidade 01, Taguatinga. Tel: (61) 3352-3366"
t4,CENTRUS CENTRO DE TOMOGRAFIA E RM,Clínica Clássica / Especialidades,Ressonância Magnética;Tomografia Computadorizada;Ultrassonografia,Taguatinga,"QNL 30 CONJ. A – LOTES 2,4,6, LOJA 2. Tel: (61) 3247-8021"
t5,CLÍNICA DE FISIOTERAPIA MULTIFISIO,Clínica Clássica / Especialidades,Fisioterapia (Ortopédica; Neuro; ATM; Vestibular; Cardio);Pilates;Hidroterapia;Acupuntura;RPG;Terapia Ocupacional;Urogineco;Fono;Psicologia,Taguatinga,"QNB 17 LOTE 09 – TAGUATINGA. Tel: (61) 3042-0082"
t6,ISOB – INSTITUTO DE SAUDE DE OLHOS (Eletivo),Oftalmologia,Consultas;Exames;Cirurgias Oftalmológicas,Taguatinga,"CNC 01 LOTE 14 – Taguatinga Norte. Tel: (61) 3038-8001"
t7,INSTITUTO DE CATARATA DE BRASÍLIA – ICB,Oftalmologia,Consultas;Exames;Cirurgias Oculares,Taguatinga,"QNC 11 LOTE 06 TAGUATINGA NORTE. Tel: (61) 3247-8109"
t8,TATIANA MEDICINA E IMAGEM LTDA,Clínica Clássica / Especialidades,Radiologia;Diagnóstico por Imagem,Taguatinga,"QND 47 LOTE 17 E 18 LOJA 01 TAGUATINGA NORTE. Tel: (61) 3354-6680"
